{"cameraMode":{"drawMode":0,"name":"Shaded","section":"Shading Mode"},"sceneLighting":true,"audioPlay":false,"sceneViewState":{"showFog":true,"showMaterialUpdate":false,"showSkybox":false,"showFlares":true,"showImageEffects":true,"showParticleSystems":true},"in2DMode":false,"pivot":{"x":-0.8540000319480896,"y":2.6176695823669435,"z":0.5052770376205444},"rotation":{"x":-0.07222498953342438,"y":0.024530567228794099,"z":-0.0017785149393603206,"w":-0.9970908164978027},"size":8.108736991882325,"orthographic":false}