{"cameraMode":{"drawMode":0,"name":"Shaded","section":"Shading Mode"},"sceneLighting":false,"audioPlay":false,"sceneViewState":{"showFog":true,"showMaterialUpdate":false,"showSkybox":false,"showFlares":true,"showImageEffects":true,"showParticleSystems":true},"in2DMode":false,"pivot":{"x":0.0008065104484558106,"y":0.8241279125213623,"z":-0.05223695933818817},"rotation":{"x":-0.07222498953342438,"y":0.024530567228794099,"z":-0.0017785149393603206,"w":-0.9970908164978027},"size":4.130847454071045,"orthographic":false}