{"cameraMode":{"drawMode":0,"name":"Shaded","section":"Shading Mode"},"sceneLighting":false,"audioPlay":false,"sceneViewState":{"showFog":true,"showMaterialUpdate":false,"showSkybox":false,"showFlares":true,"showImageEffects":true,"showParticleSystems":true},"in2DMode":false,"pivot":{"x":-0.1363491266965866,"y":0.08771917223930359,"z":0.02212839014828205},"rotation":{"x":0.09087421745061875,"y":-0.8454493880271912,"z":0.15253688395023347,"w":0.5036861300468445},"size":0.9688299298286438,"orthographic":false}