{"cameraMode":{"drawMode":0,"name":"Shaded","section":"Shading Mode"},"sceneLighting":false,"audioPlay":false,"sceneViewState":{"showFog":true,"showMaterialUpdate":false,"showSkybox":false,"showFlares":true,"showImageEffects":true,"showParticleSystems":true},"in2DMode":false,"pivot":{"x":-0.012090504169464112,"y":0.08633343875408173,"z":0.0369105339050293},"rotation":{"x":0.1750936657190323,"y":-0.8034999966621399,"z":0.28603705763816836,"w":0.4918519854545593},"size":2.489276647567749,"orthographic":false}