{"cameraMode":{"drawMode":0,"name":"Shaded","section":"Shading Mode"},"sceneLighting":true,"audioPlay":false,"sceneViewState":{"showFog":true,"showMaterialUpdate":false,"showSkybox":true,"showFlares":true,"showImageEffects":true,"showParticleSystems":true},"in2DMode":false,"pivot":{"x":2.160839557647705,"y":2.4004087448120119,"z":-2.291656970977783},"rotation":{"x":-0.4407837390899658,"y":-0.5572143197059631,"z":0.4649704396724701,"w":-0.5282343029975891},"size":9.017616271972657,"orthographic":false}