{"cameraMode":{"drawMode":0,"name":"Shaded","section":"Shading Mode"},"sceneLighting":true,"audioPlay":false,"sceneViewState":{"showFog":true,"showMaterialUpdate":false,"showSkybox":true,"showFlares":true,"showImageEffects":true,"showParticleSystems":true},"in2DMode":false,"pivot":{"x":-0.0032192841172218324,"y":2.14302396774292,"z":-0.12413644045591355},"rotation":{"x":-0.10446497797966004,"y":-0.02922886610031128,"z":0.0030831925105303528,"w":-0.9941220879554749},"size":1.902341604232788,"orthographic":true}